<Events><Event><System><Provider Name="IIS AspNetCore Module V2"/><EventID>1032</EventID><Level>4</Level><Task>0</Task><Keywords>Keywords</Keywords><TimeCreated SystemTime="2026-02-11T23:42:47Z"/><EventRecordID>44638906</EventRecordID><Channel>Application</Channel><Computer>DW0SDWK0002CX</Computer><Security/></System><EventData><Data>Application 'C:\home\site\wwwroot\' started successfully.</Data><Data>Process Id: 1212.</Data><Data>File Version: 20.0.25297.0. Description: IIS ASP.NET Core Module V2 Request Handler. Commit: </Data></EventData></Event></Events>