{"TimeStamp":"2026-02-11T23:36:38Z","SiteName":"gridit","RequestId":"ff49a674-07a1-11f1-8f0f-cc47402051e5","Kind":"OneDeploy","Status":"Success","Details":"{\"Id\":\"aeb8d6b14f574001b3b33699d7b59034\",\"Status\":4,\"StatusText\":\"\",\"AuthorEmail\":\"N/A\",\"Author\":\"N/A\",\"Message\":\"OneDeploy\",\"Progress\":\"\",\"Deployer\":\"OneDeploy\",\"ReceivedTime\":\"2026-02-11T23:36:09.6991856Z\",\"StartTime\":\"2026-02-11T23:36:09.9040687Z\",\"EndTime\":\"2026-02-11T23:36:37.9908713Z\",\"LastSuccessEndTime\":\"2026-02-11T23:36:37.9908713Z\",\"Complete\":true,\"IsTemporary\":false,\"IsReadOnly\":true,\"SiteName\":\"gridit\",\"HostName\":\"gridit.scm.azurewebsites.net\",\"ProjectType\":\"OneDeploy\",\"VsProjectId\":null}"}